0.000000000000000000e+00,-0.000000000000000000e+00
2.083333333333333218e-02,-0.000000000000000000e+00
4.166666666666666435e-02,-1.898538005003319986e-03
6.250000000000000000e-02,-3.220416391844607793e-03
8.333333333333332871e-02,-4.611182892056728093e-03
1.041666666666666574e-01,-9.524392296137980038e-03
1.250000000000000000e-01,-1.017080492208654457e-02
1.458333333333333148e-01,-1.285507868197890979e-02
1.666666666666666574e-01,-2.121418416765884912e-02
1.875000000000000000e-01,-2.244384763031430710e-02
2.083333333333333148e-01,-2.217037788770782197e-02
2.291666666666666574e-01,-3.272437893453893076e-02
2.500000000000000000e-01,-4.054271077962232767e-02
2.708333333333333148e-01,-3.473678096595450571e-02
2.916666666666666297e-01,-3.165937816257787668e-02
3.125000000000000000e-01,-4.219112111916546032e-02
3.333333333333333148e-01,-4.998623933872830410e-02
3.541666666666666297e-01,-4.416821075978442229e-02
3.750000000000000000e-01,-4.108135017664748395e-02
3.958333333333333148e-01,-4.862877438896869714e-02
4.166666666666666297e-01,-5.145785530357972759e-02
4.375000000000000000e-01,-4.067305771388084884e-02
4.583333333333333148e-01,-3.262176310891742176e-02
4.791666666666666297e-01,-3.818664533077376078e-02
5.000000000000000000e-01,-4.101304692798045382e-02
5.208333333333332593e-01,-3.020813461321820645e-02
5.416666666666666297e-01,-2.212947549105110170e-02
5.625000000000000000e-01,-2.765828004812932034e-02
5.833333333333332593e-01,-3.040611935262218027e-02
6.041666666666666297e-01,-1.950884580776987912e-02
6.250000000000000000e-01,-1.127367766236359904e-02
6.458333333333332593e-01,-1.654363913696988569e-02
6.666666666666666297e-01,-1.898059038941866949e-02
6.875000000000000000e-01,-7.580638170976160967e-03
7.083333333333332593e-01,1.142434065690372093e-03
7.291666666666666297e-01,-3.664241438185668245e-03
7.500000000000000000e-01,-5.820159123993500459e-03
7.708333333333332593e-01,5.632641064719352136e-03
7.916666666666666297e-01,1.392465838749130935e-02
8.125000000000000000e-01,8.164508821434353705e-03
8.333333333333332593e-01,4.838484764096752551e-03
8.541666666666666297e-01,1.433343999899983241e-02
8.750000000000000000e-01,2.070510430475540689e-02
8.958333333333332593e-01,1.322905310749558638e-02
9.166666666666666297e-01,8.442627914950257342e-03
9.375000000000000000e-01,1.681261121631354161e-02
9.583333333333332593e-01,2.282705089034542043e-02
9.791666666666666297e-01,1.545435374413129184e-02
1.000000000000000000e+00,1.071729518820035108e-02
1.020833333333333259e+00,1.365475700294334696e-02
1.041666666666666519e+00,1.058817792881873616e-02
1.062500000000000000e+00,-7.906344444566122676e-04
1.083333333333333259e+00,-5.779086374176890979e-03
1.104166666666666519e+00,9.815682634110101720e-04
1.125000000000000000e+00,4.183155636293603777e-03
1.145833333333333259e+00,-6.268961519727364422e-03
1.166666666666666519e+00,-1.379844454689061264e-02
1.187500000000000000e+00,-7.699197392405035187e-03
1.208333333333333259e+00,-3.953010156594871476e-03
1.229166666666666519e+00,-1.379665022444473768e-02
1.250000000000000000e+00,-2.090897849310720952e-02
1.270833333333333259e+00,-1.482505574016223897e-02
1.291666666666666519e+00,-1.125620452443659193e-02
1.312500000000000000e+00,-2.138378324650875434e-02
1.333333333333333259e+00,-2.856285028007136961e-02
1.354166666666666519e+00,-2.228062240185211054e-02
1.375000000000000000e+00,-1.787343685771463839e-02
1.395833333333333259e+00,-2.148106206490025052e-02
1.416666666666666519e+00,-1.864601412401662578e-02
1.437500000000000000e+00,-6.347824740836406285e-03
1.458333333333333259e+00,8.243585681835601756e-04
1.479166666666666519e+00,-5.596891872437225433e-03
1.500000000000000000e+00,-9.505765247707272450e-03
1.520833333333333259e+00,-3.985448823399107953e-04
1.541666666666666519e+00,6.034918258646212313e-03
1.562500000000000000e+00,-8.458987335455197751e-04
1.583333333333333259e+00,-4.517253287256054600e-03
1.604166666666666519e+00,5.226374306680592156e-03
1.625000000000000000e+00,1.252846233313049430e-02
1.645833333333333259e+00,6.315118581184749405e-03
1.666666666666666519e+00,2.541677810260530978e-03
1.687500000000000000e+00,1.169073493859461819e-02
1.708333333333333259e+00,1.788898691434675017e-02
1.729166666666666519e+00,1.091457362153910177e-02
1.750000000000000000e+00,6.522849743658937216e-03
1.770833333333333259e+00,1.491439587578755922e-02
1.791666666666666519e+00,1.976474013701333063e-02
1.812500000000000000e+00,1.401802254849829170e-02
1.833333333333333259e+00,1.274928099695869614e-02
1.854166666666666519e+00,2.412369444023964096e-02
1.875000000000000000e+00,3.196899854105415828e-02
1.895833333333333259e+00,2.572675152923655298e-02
1.916666666666666519e+00,2.153202249323322298e-02
1.937500000000000000e+00,2.989554987642044706e-02
1.958333333333333259e+00,3.475908768242134961e-02
1.979166666666666519e+00,2.535120756265421549e-02
2.000000000000000000e+00,1.783613120119045825e-02
2.020833333333333037e+00,2.279160681514950243e-02
2.041666666666666519e+00,2.452473486510528891e-02
2.062500000000000000e+00,1.443652356319386279e-02
2.083333333333333037e+00,7.679780061200285057e-03
2.104166666666666519e+00,1.343773614898994412e-02
2.125000000000000000e+00,1.569290922250331580e-02
2.145833333333333037e+00,6.263417021553800701e-03
2.166666666666666519e+00,5.162961184671992308e-04
2.187500000000000000e+00,7.394328752208125140e-03
2.208333333333333037e+00,1.075067662249851001e-02
2.229166666666666519e+00,1.893485402781565786e-03
2.250000000000000000e+00,-3.614408900759471729e-03
2.270833333333333037e+00,3.490001274984672573e-03
2.291666666666666519e+00,7.073689599412202357e-03
2.312500000000000000e+00,9.168635604070212103e-04
2.333333333333333037e+00,-2.632571808001439844e-04
2.354166666666666519e+00,1.121600044619648108e-02
2.375000000000000000e+00,1.913313757643311797e-02
2.395833333333333037e+00,1.270554558369855341e-02
2.416666666666666519e+00,8.340160740003665224e-03
2.437500000000000000e+00,1.679968728284551155e-02
2.458333333333333037e+00,2.169937297890213446e-02
2.479166666666666519e+00,1.200996435536260190e-02
2.500000000000000000e+00,4.260351194755391396e-03
2.520833333333333037e+00,9.295775291322734210e-03
2.541666666666666519e+00,1.164579031012876083e-02
2.562500000000000000e+00,7.004381234664320589e-03
2.583333333333333037e+00,8.865689591304560385e-03
2.604166666666666519e+00,1.632671511014309809e-02
2.625000000000000000e+00,1.552755297032054269e-02
2.645833333333333037e+00,1.352219095775722933e-02
2.666666666666666519e+00,2.227558264106148031e-02
2.687500000000000000e+00,2.742371647491361267e-02
2.708333333333333037e+00,1.815756541330538348e-02
2.729166666666666519e+00,1.073003646482754113e-02
2.750000000000000000e+00,1.610737370199318008e-02
2.770833333333333037e+00,1.790835464674319505e-02
2.791666666666666519e+00,8.940027614883631554e-03
2.812500000000000000e+00,4.206068347835798665e-03
2.833333333333333037e+00,1.228080651716429578e-02
2.854166666666666519e+00,1.683334526540900336e-02
2.875000000000000000e+00,6.965809710465398208e-03
2.895833333333333037e+00,-1.150184853885872441e-03
2.916666666666666519e+00,3.559212614953656539e-03
2.937500000000000000e+00,7.548108820702987762e-03
2.958333333333333037e+00,2.226899400039380160e-03
2.979166666666666519e+00,9.098262452219305161e-04
3.000000000000000000e+00,1.238014978902698092e-02
3.020833333333333037e+00,2.012024361765249111e-02
3.041666666666666519e+00,1.348120762356180141e-02
3.062500000000000000e+00,9.151055339554405380e-03
3.083333333333333037e+00,1.769540626083141582e-02
3.104166666666666519e+00,2.235549134787214592e-02
3.125000000000000000e+00,1.265312461990144785e-02
3.145833333333333037e+00,5.036454094104016350e-03
3.166666666666666519e+00,1.018170736818936953e-02
3.187500000000000000e+00,1.208676330128567906e-02
3.208333333333333037e+00,7.862325909734051849e-03
3.229166666666666519e+00,1.086962281533882836e-02
3.250000000000000000e+00,1.631451853571751903e-02
3.270833333333333037e+00,1.120935081852411988e-02
3.291666666666666519e+00,8.029792837680363449e-03
3.312500000000000000e+00,1.751893328568628061e-02
3.333333333333333037e+00,2.369303679708674448e-02
3.354166666666666519e+00,1.585150170859973492e-02
3.375000000000000000e+00,1.001911517826025583e-02
3.395833333333333037e+00,1.680127030753520573e-02
3.416666666666666519e+00,2.005107146802157653e-02
3.437500000000000000e+00,1.006735115320827635e-02
3.458333333333333037e+00,2.811914683025698927e-03
3.479166666666666519e+00,8.261644506265731006e-03
3.500000000000000000e+00,1.043742060671490161e-02
3.520833333333333037e+00,6.017833553009848194e-03
3.541666666666666519e+00,8.613958549795923750e-03
3.562500000000000000e+00,1.531066997692414645e-02
3.583333333333333037e+00,1.282834284821271313e-02
3.604166666666666519e+00,1.276489956354030439e-02
3.625000000000000000e+00,2.219886394351780132e-02
3.645833333333333037e+00,2.621828743901234368e-02
3.666666666666666519e+00,1.621176279812183013e-02
3.687500000000000000e+00,9.051084284712575603e-03
3.708333333333333037e+00,1.551243773063533740e-02
3.729166666666666519e+00,1.962079799108941772e-02
3.750000000000000000e+00,9.903327493998279746e-03
3.770833333333333037e+00,3.033473313620366728e-03
3.791666666666666519e+00,9.566415498188518204e-03
3.812500000000000000e+00,1.348189934530532978e-02
3.833333333333333037e+00,4.425261412689873372e-03
3.854166666666666519e+00,-1.130221873993649201e-03
3.875000000000000000e+00,6.694551906197473805e-03
3.895833333333333037e+00,1.180542050879331180e-02
3.916666666666666519e+00,3.154910834338133224e-03
3.937500000000000000e+00,-2.546164973764641903e-03
3.958333333333333037e+00,5.052844443533301144e-03
3.979166666666666519e+00,9.876981476466492951e-03
4.000000000000000000e+00,3.586536410895660356e-03
4.020833333333333037e+00,2.126667672137700152e-03
4.041666666666666075e+00,1.403180914185335991e-02
4.062500000000000000e+00,2.320280728544077409e-02
4.083333333333333037e+00,1.857500827206030880e-02
4.104166666666666075e+00,1.688537890976520017e-02
4.125000000000000000e+00,2.813204894224601016e-02
4.145833333333333037e+00,3.647232518964529935e-02
4.166666666666666075e+00,3.098855471698185038e-02
4.187500000000000000e+00,2.823471763691766043e-02
4.208333333333333037e+00,3.261427727544691929e-02
4.229166666666666075e+00,3.039516805115189541e-02
4.250000000000000000e+00,1.959621724025112366e-02
4.270833333333333037e+00,1.483109055102080007e-02
4.291666666666666075e+00,2.243644300179124806e-02
4.312500000000000000e+00,2.696480638069675279e-02
4.333333333333333037e+00,1.815519765624980589e-02
4.354166666666666075e+00,1.252021976697705735e-02
4.375000000000000000e+00,1.885994994024747101e-02
4.395833333333333037e+00,2.144469716725629083e-02
4.416666666666666075e+00,1.115703109879567431e-02
4.437500000000000000e+00,4.664153530623647327e-03
4.458333333333333037e+00,1.188965777404836326e-02
4.479166666666666075e+00,1.664832303314027484e-02
4.500000000000000000e+00,8.642676449984596637e-03
4.520833333333333037e+00,4.026314580578230912e-03
4.541666666666666075e+00,6.094013983010835613e-03
4.562500000000000000e+00,1.206663145592422413e-03
4.583333333333333037e+00,-6.541797064785160980e-03
4.604166666666666075e+00,-4.229833499861867727e-03
4.625000000000000000e+00,-4.049381856622191918e-03
4.645833333333333037e+00,-1.681209868315757666e-02
4.666666666666666075e+00,-2.594965700434609043e-02
4.687500000000000000e+00,-2.025837486823000091e-02
4.708333333333333037e+00,-1.658450032779082428e-02
4.729166666666666075e+00,-2.592957950311522083e-02
4.750000000000000000e+00,-3.153444386623693169e-02
4.770833333333333037e+00,-2.239562166164653020e-02
4.791666666666666075e+00,-1.541030324239625951e-02
4.812500000000000000e+00,-2.161084287604781926e-02
4.833333333333333037e+00,-2.418383834367433816e-02
4.854166666666666075e+00,-1.186977176070024703e-02
4.875000000000000000e+00,-1.549948031255068840e-03
4.895833333333333037e+00,-4.253436886708806403e-03
4.916666666666666075e+00,-3.378712314795154648e-03
4.937500000000000000e+00,1.171603349969171058e-02
4.958333333333333037e+00,2.458002641087394385e-02
4.979166666666666075e+00,2.428100250381745595e-02
5.000000000000000000e+00,2.012918756679838925e-02
5.020833333333333037e+00,2.568167527687938503e-02
5.041666666666666075e+00,2.922758848630675407e-02
5.062500000000000000e+00,1.998695962893402497e-02
5.083333333333333037e+00,1.429306670991719631e-02
5.104166666666666075e+00,2.260004073793392063e-02
5.125000000000000000e+00,2.868153972996537876e-02
5.145833333333333037e+00,2.156351077023897431e-02
5.166666666666666075e+00,1.775595964800823212e-02
5.187500000000000000e+00,2.303832913913713559e-02
5.208333333333333037e+00,2.274806785954069585e-02
5.229166666666666075e+00,8.529609494254093011e-03
5.250000000000000000e+00,-2.704227405446874878e-03
5.270833333333333037e+00,-3.267227482046998499e-04
5.291666666666666075e+00,-4.894152082639028570e-04
5.312500000000000000e+00,-8.566577935309656680e-03
5.333333333333333037e+00,-9.792709697415588957e-03
5.354166666666666075e+00,-1.846977016019372324e-03
5.375000000000000000e+00,6.151507743099056532e-04
5.395833333333333037e+00,-1.087307950768704595e-02
5.416666666666666075e+00,-1.936221306588398888e-02
5.437500000000000000e+00,-1.407632263645615563e-02
5.458333333333333037e+00,-1.136199217736023025e-02
5.479166666666666075e+00,-1.662820672768632393e-02
5.500000000000000000e+00,-1.484702838572714290e-02
5.520833333333333037e+00,-4.370959972760386780e-03
5.541666666666666075e+00,1.409034652913526773e-04
5.562500000000000000e+00,-8.861981387864486734e-03
5.583333333333333037e+00,-1.472619395732759420e-02
5.604166666666666075e+00,-7.030671576521134274e-03
5.625000000000000000e+00,-1.908688126949502958e-03
5.645833333333333037e+00,-8.709571054383294028e-03
5.666666666666666075e+00,-1.117386227373695987e-02
5.687500000000000000e+00,5.138737788303733196e-06
5.708333333333333037e+00,8.617918845601726247e-03
5.729166666666666075e+00,3.518287619514983734e-03
5.750000000000000000e+00,1.234950320093651955e-03
5.770833333333333037e+00,1.237891741099383242e-02
5.791666666666666075e+00,2.094471694381413659e-02
5.812500000000000000e+00,1.550341044671104708e-02
5.833333333333333037e+00,1.306166592784967218e-02
5.854166666666666075e+00,2.205034861762641962e-02
5.875000000000000000e+00,2.683520874473388843e-02
5.895833333333333037e+00,1.746666648921649939e-02
5.916666666666666075e+00,1.112610188016445630e-02
5.937500000000000000e+00,1.867556110676144368e-02
5.958333333333333037e+00,2.361298723014885331e-02
5.979166666666666075e+00,1.442541147596934636e-02
6.000000000000000000e+00,8.251167783983064455e-03
6.020833333333333037e+00,1.409448114782846373e-02
6.041666666666666075e+00,1.619665728757523418e-02
6.062500000000000000e+00,4.394058539281492891e-03
6.083333333333333037e+00,-4.879136914682309992e-03
6.104166666666666075e+00,-8.838281462988354818e-04
6.125000000000000000e+00,2.609629732960746487e-04
6.145833333333333037e+00,-1.255997014718784020e-02
6.166666666666666075e+00,-2.267427936630344448e-02
6.187500000000000000e+00,-1.945760861671862879e-02
6.208333333333333037e+00,-1.878320569681461369e-02
6.229166666666666075e+00,-2.935604460751650366e-02
6.250000000000000000e+00,-3.518280359162857807e-02
6.270833333333333037e+00,-2.733954126474598748e-02
6.291666666666666075e+00,-2.206710636199094369e-02
6.312500000000000000e+00,-3.074979532482254377e-02
6.333333333333333037e+00,-3.645455360604352157e-02
6.354166666666666075e+00,-2.849226351945555180e-02
6.375000000000000000e+00,-2.305843051457685811e-02
6.395833333333333037e+00,-2.956844149974839284e-02
6.416666666666666075e+00,-3.226790050852354486e-02
6.437500000000000000e+00,-2.173544054456386446e-02
6.458333333333333037e+00,-1.397389422117810594e-02
6.479166666666666075e+00,-2.021835210277836067e-02
6.500000000000000000e+00,-2.361948051561628403e-02
6.520833333333333037e+00,-1.357408182864204733e-02
6.541666666666666075e+00,-6.071076448160395850e-03
6.562500000000000000e+00,-1.232935025339393885e-02
6.583333333333333037e+00,-1.602120348086876964e-02
6.604166666666666075e+00,-6.490411406550857833e-03
6.625000000000000000e+00,3.653168935961242036e-04
6.645833333333333037e+00,-5.659884949584338687e-03
6.666666666666666075e+00,-7.988996582107060415e-03
6.687500000000000000e+00,3.314053673534109092e-03
6.708333333333333037e+00,1.204613163200808114e-02
6.729166666666666075e+00,6.879669245934927520e-03
6.750000000000000000e+00,4.510227428523966645e-03
6.770833333333333037e+00,1.560952148253203810e-02
6.791666666666666075e+00,2.414602189543086155e-02
6.812500000000000000e+00,1.880608691057586782e-02
6.833333333333333037e+00,1.642733345771276582e-02
6.854166666666666075e+00,2.329975687377979290e-02
6.875000000000000000e+00,2.475318726246400133e-02
6.895833333333333037e+00,1.264930816160403371e-02
6.916666666666666075e+00,3.602023350668935933e-03
6.937500000000000000e+00,8.068742760857524829e-03
6.958333333333333037e+00,9.987332772652559795e-03
6.979166666666666075e+00,-1.905255219977113794e-03
7.000000000000000000e+00,-1.077598267921314051e-02
7.020833333333333037e+00,-6.023626880863163467e-03
7.041666666666666075e+00,-3.824637536612340589e-03
7.062500000000000000e+00,-1.548666708742583997e-02
7.083333333333333037e+00,-2.464316136856446043e-02
7.104166666666666075e+00,-2.048274473421651462e-02
7.125000000000000000e+00,-1.952906677580168102e-02
7.145833333333333037e+00,-2.734896747560716310e-02
7.166666666666666075e+00,-2.942287904038422622e-02
7.187500000000000000e+00,-1.848018121973577649e-02
7.208333333333333037e+00,-1.116357457476021761e-02
7.229166666666666075e+00,-1.872280538303143851e-02
7.250000000000000000e+00,-2.427399305826317966e-02
7.270833333333333037e+00,-1.669048163029345985e-02
7.291666666666666075e+00,-1.274182556961930661e-02
7.312500000000000000e+00,-2.351097007729238339e-02
7.333333333333333037e+00,-3.216637293475278075e-02
7.354166666666666075e+00,-2.774859858178940070e-02
7.375000000000000000e+00,-2.175818510906171732e-02
7.395833333333333037e+00,-2.699599372546428178e-02
7.416666666666666075e+00,-3.023168109916351751e-02
7.437500000000000000e+00,-2.063698564003087904e-02
7.458333333333333037e+00,-1.458898976379021349e-02
7.479166666666666075e+00,-2.176183043481072499e-02
7.500000000000000000e+00,-2.622902997597936076e-02
7.520833333333333037e+00,-1.747206057550194924e-02
7.541666666666666075e+00,-1.191847130940024320e-02
7.562500000000000000e+00,-1.614996059943720960e-02
7.583333333333333037e+00,-1.545928216490684466e-02
7.604166666666666075e+00,-1.030817915848011640e-03
7.625000000000000000e+00,1.043756729074118463e-02
7.645833333333333037e+00,8.386064193840988765e-03
7.666666666666666075e+00,7.096524166946925789e-03
7.687500000000000000e+00,1.428359308052043995e-02
7.708333333333333037e+00,1.578205758811267526e-02
7.729166666666666075e+00,3.830368271388786237e-03
7.750000000000000000e+00,-5.593120627397856794e-03
7.770833333333333037e+00,-1.367205186162049561e-03
7.791666666666666075e+00,3.150690983902372706e-04
7.812500000000000000e+00,-9.641828833140487012e-03
7.833333333333333037e+00,-1.612942699777100697e-02
7.854166666666666075e+00,-8.918348034265353996e-03
7.875000000000000000e+00,-4.646398453932313981e-03
7.895833333333333037e+00,-1.386720424562313744e-02
7.916666666666666075e+00,-2.054421129938470772e-02
7.937500000000000000e+00,-1.342266263781837290e-02
7.958333333333333037e+00,-9.250344264047166698e-03
7.979166666666666075e+00,-1.857631969751953258e-02
8.000000000000000000e+00,-2.536784766760342633e-02
8.020833333333332149e+00,-1.845446851178796435e-02
8.041666666666666075e+00,-1.423761369509331937e-02
8.062500000000000000e+00,-2.323138439200047103e-02
8.083333333333332149e+00,-2.971097565052235878e-02
8.104166666666666075e+00,-2.254040007381471339e-02
8.125000000000000000e+00,-1.829000729703063322e-02
8.145833333333332149e+00,-2.417523761467246096e-02
8.166666666666666075e+00,-2.541740388198202374e-02
8.187500000000000000e+00,-1.324316445559918509e-02
8.208333333333332149e+00,-3.875451698094856470e-03
8.229166666666666075e+00,-7.691945451081259530e-03
8.250000000000000000e+00,-9.000764434626174967e-03
8.270833333333332149e+00,1.863471595519717314e-03
8.291666666666666075e+00,8.758981510133302673e-03
8.312500000000000000e+00,2.137229333706569794e-03
8.333333333333332149e+00,-1.940492605098153699e-03
8.354166666666666075e+00,7.543639058901414549e-03
8.375000000000000000e+00,1.388773184121885017e-02
8.395833333333332149e+00,6.687992669324945537e-03
8.416666666666666075e+00,2.029067988011240813e-03
8.437500000000000000e+00,6.103440704055350385e-03
8.458333333333332149e+00,4.173001265402861981e-03
8.479166666666666075e+00,-9.521050401038481589e-03
8.500000000000000000e+00,-1.966760201781731984e-02
8.520833333333332149e+00,-1.598114904181952359e-02
8.541666666666666075e+00,-1.525133798735328443e-02
8.562500000000000000e+00,-2.767940764831592834e-02
8.583333333333332149e+00,-3.724379562363774182e-02
8.604166666666666075e+00,-3.294379967326156733e-02
8.625000000000000000e+00,-3.162380424730108774e-02
8.645833333333332149e+00,-3.623099750019503212e-02
8.666666666666666075e+00,-3.320277393640590213e-02
8.687500000000000000e+00,-2.642782477674005676e-02
8.708333333333332149e+00,-2.926214663667789720e-02
8.729166666666666075e+00,-2.916904014726885361e-02
8.750000000000000000e+00,-1.702239341816294896e-02
8.770833333333332149e+00,-8.516722705569910665e-03
8.791666666666666075e+00,-1.368243658751033300e-02
8.812500000000000000e+00,-1.567989626901314382e-02
8.833333333333332149e+00,-4.327267244386577907e-03
8.854166666666666075e+00,4.184459819683026931e-03
8.875000000000000000e+00,-1.064367288235267776e-03
8.895833333333332149e+00,-3.449448830381325690e-03
8.916666666666666075e+00,3.164132076099460556e-03
8.937500000000000000e+00,4.171239741487242463e-03
8.958333333333332149e+00,-8.580812781154313271e-03
8.979166666666666075e+00,-1.821948453103651444e-02
9.000000000000000000e+00,-1.449253974889679226e-02
9.020833333333332149e+00,-1.363608728926186953e-02
9.041666666666666075e+00,-2.020727247460784790e-02
9.062500000000000000e+00,-1.943735107072747451e-02
9.083333333333332149e+00,-1.219137720503242310e-02
9.104166666666666075e+00,-1.231665210321260424e-02
9.125000000000000000e+00,-1.651177375858647184e-02
9.145833333333332149e+00,-1.123913428702199777e-02
9.166666666666666075e+00,-8.924215063615178328e-03
9.187500000000000000e+00,-1.694266716695308483e-02
9.208333333333332149e+00,-2.031457928261872631e-02
9.229166666666666075e+00,-1.004677493754809955e-02
9.250000000000000000e+00,-2.358113764760445298e-03
9.270833333333332149e+00,-7.724765839959824541e-03
9.291666666666666075e+00,-1.059541766985780745e-02
9.312500000000000000e+00,7.193141328697877682e-05
9.333333333333332149e+00,7.772847254353772682e-03
9.354166666666666075e+00,2.126014602940064484e-03
9.375000000000000000e+00,-1.019566447534127991e-03
9.395833333333332149e+00,6.074704031516295864e-03
9.416666666666666075e+00,8.398129325812644930e-03
9.437500000000000000e+00,-2.365539752577468496e-03
9.458333333333332149e+00,-1.052233093092254552e-02
9.479166666666666075e+00,-4.842550589910087078e-03
9.500000000000000000e+00,-2.118706209328956661e-03
9.520833333333332149e+00,-1.298205209709168625e-02
9.541666666666666075e+00,-2.127927218856777436e-02
9.562500000000000000e+00,-1.567009443876559924e-02
9.583333333333332149e+00,-1.302872730849008280e-02
9.604166666666666075e+00,-2.286122783235613326e-02
9.625000000000000000e+00,-2.937819573684184726e-02
9.645833333333332149e+00,-2.229467320686141091e-02
9.666666666666666075e+00,-1.831423997640416190e-02
9.687500000000000000e+00,-2.483143351159957518e-02
9.708333333333332149e+00,-2.672696490958326523e-02
9.729166666666666075e+00,-1.469539590154027298e-02
9.750000000000000000e+00,-5.653755532135778042e-03
9.770833333333332149e+00,-1.035083153980323294e-02
9.791666666666666075e+00,-1.251807738023327614e-02
9.812500000000000000e+00,-8.636562931186239633e-04
9.833333333333332149e+00,7.963511566657751478e-03
9.854166666666666075e+00,3.237131155087814415e-03
9.875000000000000000e+00,1.106555536767809189e-03
9.895833333333332149e+00,1.164783857585862704e-02
9.916666666666666075e+00,1.816581938822846645e-02
9.937500000000000000e+00,1.069072570064284744e-02
9.958333333333332149e+00,5.897365420426017683e-03
9.979166666666666075e+00,1.541305065595024136e-02
1.000000000000000000e+01,2.182015700751184853e-02
1.002083333333333215e+01,1.415595874772076351e-02
1.004166666666666607e+01,9.140943550269049409e-03
1.006250000000000000e+01,1.374708978531923552e-02
1.008333333333333215e+01,1.218287171910835756e-02
1.010416666666666607e+01,-3.234523797983171294e-03
1.012500000000000000e+01,-1.595803449869713855e-02
1.014583333333333215e+01,-1.463246608906128635e-02
1.016666666666666607e+01,-1.439726427663283979e-02
1.018750000000000000e+01,-2.161257378161534834e-02
1.020833333333333215e+01,-2.300364331549608135e-02
1.022916666666666607e+01,-1.385553942172009986e-02
1.025000000000000000e+01,-9.741508193441600696e-03
1.027083333333333215e+01,-1.899921718317478317e-02
1.029166666666666607e+01,-2.574131040685093477e-02
1.031250000000000000e+01,-1.885531710385223228e-02
1.033333333333333215e+01,-1.464228839169227914e-02
1.035416666666666607e+01,-2.189594128249741298e-02
1.037500000000000000e+01,-2.550933206445623116e-02
1.039583333333333215e+01,-1.546545328427744413e-02
1.041666666666666607e+01,-8.354472240627519586e-03
1.043750000000000000e+01,-1.466225243968106648e-02
1.045833333333333215e+01,-1.845309089514607023e-02
1.047916666666666607e+01,-8.729376195804394029e-03
1.050000000000000000e+01,-1.858998448140176821e-03
1.052083333333333215e+01,-8.357354458566817329e-03
1.054166666666666607e+01,-1.232322701822470556e-02
1.056250000000000000e+01,-2.382162148937696979e-03
1.058333333333333215e+01,4.563955024067193299e-03
1.060416666666666607e+01,-2.252507001809074105e-03
1.062500000000000000e+01,-6.472941514377679624e-03
1.064583333333333215e+01,3.417565362624495548e-03
1.066666666666666607e+01,1.028390571609490677e-02
1.068750000000000000e+01,3.283408963520283771e-03
1.070833333333333215e+01,-1.109906569595075230e-03
1.072916666666666607e+01,8.618492404548245764e-03
1.075000000000000000e+01,1.534409817970375407e-02
1.077083333333333215e+01,8.294649429773887778e-03
1.079166666666666607e+01,3.826380407407135691e-03
1.081250000000000000e+01,1.314825153800284509e-02
1.083333333333333215e+01,1.959176517846385884e-02
1.085416666666666607e+01,1.250205964894326657e-02
1.087500000000000000e+01,7.994583780230130055e-03
1.089583333333333215e+01,1.754784903234894028e-02
1.091666666666666607e+01,2.408291292019363455e-02
1.093750000000000000e+01,1.676136964054491738e-02
1.095833333333333215e+01,1.205130948347270942e-02
1.097916666666666607e+01,2.150150092212321090e-02
1.100000000000000000e+01,2.792481180067985305e-02
1.102083333333333215e+01,2.048922004556923832e-02
1.104166666666666607e+01,1.565574499704616707e-02
1.106250000000000000e+01,2.489055223842090783e-02
1.108333333333333215e+01,3.112747978133895838e-02
1.110416666666666607e+01,2.369417722953579344e-02
1.112500000000000000e+01,1.881468401710131855e-02
1.114583333333333215e+01,2.222816933385038385e-02
1.116666666666666607e+01,1.915851382548024867e-02
1.118750000000000000e+01,6.785758903801076755e-03
1.120833333333333215e+01,-3.141625551630199305e-04
1.122916666666666607e+01,6.409540788118522729e-03
1.125000000000000000e+01,1.017574444135988659e-02
1.127083333333333215e+01,3.789486882906904926e-04
1.129166666666666607e+01,-6.864265878939281203e-03
1.131250000000000000e+01,-2.832858771431479732e-04
1.133333333333333215e+01,3.474505562845486058e-03
1.135416666666666607e+01,-6.182419955321941975e-03
1.137500000000000000e+01,-1.329916924210173233e-02
1.139583333333333215e+01,-6.654450820274726737e-03
1.141666666666666607e+01,-2.671925914904560440e-03
1.143750000000000000e+01,-1.198656053447504088e-02
1.145833333333333215e+01,-1.875035803062295031e-02
1.147916666666666607e+01,-1.163824620844546368e-02
1.150000000000000000e+01,-7.501023302530734731e-03
1.152083333333333215e+01,-1.703507596151099951e-02
1.154166666666666607e+01,-2.398907696321994978e-02
1.156250000000000000e+01,-1.696400142416798484e-02
1.158333333333333215e+01,-1.292521471148345633e-02
1.160416666666666607e+01,-1.690703348141679718e-02
1.162500000000000000e+01,-1.455330573899789315e-02
1.164583333333333215e+01,-1.485380585984368137e-03
1.166666666666666607e+01,6.843947647643809640e-03
1.168750000000000000e+01,1.793989280780099648e-03
1.170833333333333215e+01,-5.779133286963837992e-04
1.172916666666666607e+01,1.108098646231949792e-02
1.175000000000000000e+01,1.970289805703405103e-02
1.177083333333333215e+01,1.456570694079723817e-02
1.179166666666666607e+01,1.200994868927040236e-02
1.181250000000000000e+01,2.345793542671067294e-02
1.183333333333333215e+01,3.191196895927582433e-02
1.185416666666666607e+01,2.670781323675554611e-02
1.187500000000000000e+01,2.405531759074920270e-02
1.189583333333333215e+01,3.137832022967274731e-02
1.191666666666666607e+01,3.338171108569752688e-02
1.193750000000000000e+01,2.197884699716510376e-02
1.195833333333333215e+01,1.313880815626104932e-02
1.197916666666666607e+01,1.823368282159794698e-02
